产品名称,产品类型,是否有竞品
筠连麻将,麻将类,无
水鱼,金流类,无
够级,扑克类,是
秦皇岛麻将（极速159玩法）,麻将类,有
本溪红A,扑克类,是
镇雄麻将,麻将类,有
阜新麻将,麻将类,有
打林条,扑克类,临汾同城游
三反五反,扑克类,
七王五二三,扑克类,无
萍乡麻将,麻将类,是
十三张（十三水）,金流类,有
下搓推倒胡,麻将类,
温岭麻将,麻将类,有
景德镇麻将,麻将类,是
德惠麻将,麻将类,有
繁昌麻将,麻将类,是
吕梁打七,扑克类,同城游
24点,金流类,有
掀牛/掀牛九,扑克类,
棋类:象棋，围棋，五子棋----麻将类:鄂州晃晃，红中赖子杠----扑克类:斗地主，癞子斗地主---,,无
盐城斗地主（四人两幅牌）,扑克类,有
青岛够级,扑克类,是
本溪四副,扑克类,是
金华麻将,麻将类,有
麻将类:三门峡麻将--扑克类:斗地主--扑克类:跑得快--金流类:斗牛--:--:--:,,有
嘉善麻将,麻将类,有
滑水麻将,麻将类,
昆明大厅,综合类,有
憋7,扑克类,无
南通长牌(笃子胡,游胡),扑克类,有
佳木斯麻将,麻将类,有
扑克类:斗地主----:----:,,有
敲三家儿,扑克类,
榆次麻将,麻将类,同城游
锄大地（十三张）,金流类,有
宁波麻将,麻将类,有
推牛十（斗牛）,扑克类,
麻将类:洛阳杠次--扑克类:斗地主--金流类:斗牛--:--:--:--:,,
推倒胡,麻将类,
百色麻将,麻将类,有
本溪马队,扑克类,是
合集,其他,是
德清点子(三副),扑克类,有
日照关门,扑克类,否
山东棋牌,其他,是
梅州麻将,麻将类,是
宁德五十K,扑克类,是
五十K,扑克类,有
红十,扑克类,无
镇雄血战,麻将类,有
宣化一口香,麻将类,有
顶牛,其他,有
龙港麻将,麻将类,有
成都麻将,麻将类,有
青田麻将,麻将类,有
牛十别,扑克类,有
老炮,扑克类,同城游
万州麻将,麻将类,有
通江麻将,麻将类,无
打屁(五十K),扑克类,是
烫调,扑克类,阳城同城游
名山麻将,麻将类,无
德清麻将,麻将类,有
宣红枪,扑克类,
二人转转,麻将类,有
A4A,扑克类,有
翠屏麻将,麻将类,无
二五八麻将,麻将类,有
七王五二三,扑克类,有
曲靖麻将,麻将类,有
棋类:象棋，围棋，五子棋----麻将类:红中癞子杠，晃晃----扑克类:赢三张，打旋----字牌类:,,无
叼青,金流类,有
棋类:象棋，围棋，五子棋----麻将类:赖晃，一赖到底----扑克类:定七----字牌类:说胡子--,,
捉A,扑克类,
拱猪一副牌,扑克类,是
锄大地,金流类,有
毛胡子,字牌类,有
升级,扑克类,
内江甜城麻将,麻将类,有
玉林麻将,麻将类,有
麻将类:安阳麻将--扑克类:南阳斗地主--金流类:斗牛--:--:--:--:,,有
麻将类:新乡麻将--扑克类:斗地主--金流类:斗牛--:--:--:--:,,
填大坑,金流类,是
曲靖飞白板,麻将类,有
小二定主,扑克类,同城游
双鸭山麻将,麻将类,是
打娘娘,扑克类,无
比大小,其他,是
新津麻将,麻将类,无
填坑,金流类,有
3脚包,其他,否
沿滩麻将,麻将类,无
南部麻将,麻将类,无
资阳麻将,麻将类,无
快十,扑克类,无
龙泉驿麻将,麻将类,无
黑枪,扑克类,
肥西麻将,麻将类,是
枣庄麻将,麻将类,否
兴城510K,扑克类,是
牡丹江麻将,麻将类,有
桂林麻将,麻将类,有
景洪麻将,麻将类,有
庐江掼蛋,扑克类,是
省级棋牌平台,综合类,是
昭通血战,麻将类,有
160分，昆山麻将,扑克类,有
七台河麻将,麻将类,有
都匀麻将,麻将类,有
麻将类:商丘麻将--扑克类:斗地主--金流类:斗牛--:--:--:--:,,有
长沙麻将,麻将类,有
雷州升级(四副牌),扑克类,是
姜堰23张,扑克类,有
七王五二三,扑克类,
棋类:象棋，围棋，五子棋----麻将类:一痞二赖----扑克类:五精，三精，绍胡----字牌类:花牌,,
廊坊跑得快,扑克类,有
红二,扑克类,有
东乡窟筒,,是
平远麻将,麻将类,否
拉克(灭苍蝇),扑克类,是
邛崃麻将,麻将类,无
玉环打通,扑克类,有
洪洞打林,扑克类,同城游
幺地人,字牌类,有
爬山（南方的扎金花）,其他,朋友介绍获取
安岳麻将,麻将类,无
五十K,扑克类,
三人长沙,麻将类,有
普洱麻将,麻将类,有
南平麻将,麻将类,有
双扣,扑克类,
鹤岗麻将,麻将类,有
棋类:象棋，围棋，五子棋，军麻----麻将类:痞子杠----扑克类:双癞斗地主----字牌类:无--,,
哈尔滨麻将,麻将类,有
洪洞麻将,麻将类,同城游
石子河拧螺丝,麻将类,有
拉耗子,扑克类,无
渠县麻将,麻将类,无
烟台保皇,扑克类,是
大跃进,扑克类,（朋友获得
玉溪五六筒,麻将类,有
防城港麻将,麻将类,有
三顺一个棍,,
利辛斗红五,扑克类,是
临沂升级,扑克类,否
掼蛋，麻将,,有
炸金花,扑克类,有
跑得快,扑克类,是
推牌九,其他,有
东兴麻将,麻将类,无
砸六家,扑克类,是
乐清麻将,麻将类,有
成华麻将,麻将类,无
瓮安麻将,麻将类,有
三仙,扑克类,无
黄骅麻将,麻将类,有
廊坊麻将（扣第一手）,麻将类,是
打滚子,扑克类,是
安顺麻将,麻将类,有
推到胡,麻将类,有
利州麻将,麻将类,无
杭州麻将,麻将类,有
常德跑胡子,字牌类,有
红中麻将,麻将类,是
拖拉机,扑克类,是
憋7,扑克类,
延吉麻将,麻将类,有
塔城螺丝胡,麻将类,有
钓鱼,扑克类,没有
抽对儿,扑克类,
刨大王,扑克类,有
红五,扑克类,有
甘肃庆阳麻将/庆阳五星划水麻将,麻将类,有
双阳麻将,麻将类,有
麻将类:海南麻将----:----:,,有
台州麻将,麻将类,有
立四麻将,麻将类,同城游
鸡西麻将,麻将类,是
包分,扑克类,有
当牌（老人牌）,字牌类,无
推锅,麻将类,
平凉麻将,麻将类,有
蔚县麻将,麻将类,有
延边画图,扑克类,有
宿松拖三,扑克类,是
麻将，跑得快，惯蛋,其他,有
三公,金流类,有
井研麻将,麻将类,无
自流井麻将,麻将类,无
滚筒三副牌,扑克类,有
转转麻将,麻将类,有
麻将类:驻马店麻将--扑克类:斗地主--金流类:斗牛--:--:--:--:,,
捉老麻子,扑克类,有
水鱼（大话四张）,金流类,无
关牌,扑克类,有
麻将类:三门峡麻将--扑克类:斗地主--扑克类:跑得快--金流类:斗牛--:--:--:,,
打酱油,其他,否
苏州麻将，掼蛋，包分,其他,有
新沂麻将,麻将类,有
呼和浩特麻将,麻将类,是
济南麻将,麻将类,是
重庆血战,麻将类,有
推倒胡麻将,麻将类,朋友介绍获取
找朋友,扑克类,是
本溪麻将,麻将类,是
抓红枪,扑克类,
眉山麻将,麻将类,有
慈溪打帮,扑克类,有
四冲,扑克类,有
老虎机,金流类,是
广安麻将,麻将类,有
漳州麻将,麻将类,有
连云港麻将,麻将类,有
箍桶,,是
安康地区麻将,麻将类,
棋类:象棋，围棋，五子棋----麻将类:掐五星----扑克类:跑得快，斗地主----字牌类:无---,,无
升级（四副牌）,扑克类,有
标分,扑克类,有
陕西麻将,麻将类,QQ游戏大厅
拉大车,扑克类,
围棋,其他,
新港式五张（梭哈）,金流类,有
够级,扑克类,有
剑阁麻将,麻将类,无
牌九,字牌类,有
桂林字牌（字牌、大字牌）,字牌类,有
无锡麻将,麻将类,有
麻将类:鹰城麻将--扑克类:斗地主--扑克类:双升--扑克类:灭三家--棋类:五子棋--棋类:象棋-,,有
广东麻将,麻将类,是
仙居红五,扑克类,有
二八杠,麻将类,有
南宁麻将,麻将类,有
五人原子,扑克类,有
遵义斗地主,扑克类,有
大连红五,扑克类,是
填大坑,金流类,有
福州四色牌,字牌类,有
红五,扑克类,
泰安麻将,麻将类,是
朝阳麻将,麻将类,是
钦州麻将,麻将类,有
手把一,扑克类,是
隆昌麻将,麻将类,无
长宁麻将,麻将类,有
济宁麻将,麻将类,是
南江麻将,麻将类,无
榆树麻将,麻将类,有
贵阳捉鸡麻将,综合类,有
桐城麻将,麻将类,否
德州够级,扑克类,是
7王523,扑克类,
五通桥麻将,麻将类,有
尖子顶,扑克类,
讨赏,扑克类,是
松原麻将,麻将类,有
开江麻将,麻将类,无
血战到底,麻将类,有
凯里麻将,麻将类,有
章丘够级,扑克类,是
长红心(四副),扑克类,有
雅安麻将,麻将类,无
剥皮,字牌类,有
麻将类:海南麻将----扑克类:三公----:,,有
梨树刨幺,扑克类,有
炒地皮，麻将,其他,有
佳木斯麻将,麻将类,是
青岛保皇,扑克类,是
掀花花,其他,
新都麻将,麻将类,无
桥牌,扑克类,有
潍坊保皇,扑克类,是
拱猪二副牌,扑克类,是
南京麻将,麻将类,有
福鼎打炸,扑克类,是
韶关麻将,麻将类,是
锄大地(大老二),扑克类,是
吹牛（出牌说真假的）,金流类,朋友介绍获取
万源麻将,麻将类,无
歪胡子,字牌类,有
昭通闷鸡,金流类,有
郫都麻将,麻将类,无
王麻将,麻将类,有
黔南麻将,麻将类,没有
合集,麻将类,是
唐山麻将,麻将类,有
云南血战,麻将类,有
三打一,扑克类,否
霸州麻将,麻将类,
浙江棋牌,其他,有
云南麻将,麻将类,有
中江麻将,麻将类,
抚顺麻将,麻将类,是
二人麻将,麻将类,是
黄骅尖子顶,扑克类,有
葫芦岛麻将,麻将类,是
海盐麻将,麻将类,有
漳浦麻将,麻将类,有
吉安麻将,麻将类,是
叙永鬼麻将,麻将类,有
鞍山甲乙丙,扑克类,是
挖坑,金流类,有
永州麻将,麻将类,有
仪陇麻将,麻将类,无
兰州麻将/滑水麻将,麻将类,有
长春麻将,麻将类,有
捉娘娘,扑克类,
宜宾麻将,麻将类,有
大字牌,字牌类,有
麻将类:鹰城麻将--扑克类:斗地主--扑克类:双升--扑克类:灭三家--棋类:五子棋--棋类:象棋-,,
拉骆驼,扑克类,无
双流麻将,麻将类,无
都江堰麻将,麻将类,无
全名堂,字牌类,有
赣州麻将,麻将类,是
挖坑,扑克类,QQ游戏大厅
棋类:象棋，围棋，五子棋----麻将类:拳打脚踢，对对胡----扑克类:拍手，斗地主，510k---,,
拉火车,扑克类,
绥化麻将,麻将类,是
三打哈,扑克类,有
麻将类:周口麻将--扑克类:周口打枪--扑克类:斗地主--金流类:斗牛--:--:--:,,无
信不信,扑克类,无
麻将类:巩义麻将--扑克类:斗地主--金流类:斗牛--扑克类:扒鸡窝--:--:--:,,有
河津麻将,麻将类,同城游
十六张,麻将类,是
捉红五,扑克类,无
文山翻小鸡,麻将类,有
炸弹,扑克类,是
华坪麻将,麻将类,有
21点,扑克类,是
东至麻将,麻将类,是
亮六飞一,麻将类,同城游
捉黑枪/打楚/捉黑尖,扑克类,
捉老麻子,扑克类,是
争上游,扑克类,有
江安麻将,麻将类,有
宿迁麻将，掼蛋,其他,有
斗地主（四人）,扑克类,有
炸金花,金流类,有
推到胡,麻将类,是
鸡西麻将,麻将类,有
天九牌,其他,是
保定麻将,麻将类,
邯郸红中麻将,麻将类,有
昆明血战,麻将类,有
麻将类:洛阳杠次--扑克类:斗地主--金流类:斗牛--:--:--:--:,,有
三反五反,扑克类,无
麻将类:新郑麻将--扑克类:斗地主--金流类:斗牛--扑克类:扒鸡窝--:--:--:,,有
二七十,字牌类,没有
宝兴麻将,麻将类,无
拖拉机（升级）,扑克类,有
曲靖飞小鸡,麻将类,有
河池麻将,麻将类,有
邯郸麻将,麻将类,有
嘴胡,扑克类,是
上饶麻将,麻将类,是
哈尔滨麻将,麻将类,是
滑水麻将,麻将类,无
二七王,扑克类,是
推筒子,麻将类,
捉老麻子,扑克类,同城游
茂名拖拉机,扑克类,是
麻将，老三番,,有
嘉善红心,扑克类,有
拱猪,扑克类,是
斗地主,扑克类,有
高县麻将,麻将类,无
魔幻金花,金流类,否
搓牌,字牌类,有
秦皇岛麻将,麻将类,有
砀山麻将,麻将类,是
挖坑,扑克类,同城游
荣县麻将,麻将类,无
58王,扑克类,否
千分,扑克类,没有
高淳麻将,麻将类,有
昆明麻将,麻将类,有
芜湖麻将,麻将类,是
10点半,金流类,
云溪麻将,麻将类,有
牌九,其他,
麻将类:周口麻将--扑克类:周口打枪--扑克类:斗地主--金流类:斗牛--:--:--:,,
麻将,麻将类,
四副够级,扑克类,是
齐齐哈尔麻将,麻将类,是
扑克类:挤黑五--麻将类:河南麻将--扑克类:斗地主--扑克类:双升--金流类:斗牛--:--:,,
岳阳炒股,麻将类,有
广东麻将,麻将类,有
陕西三代,扑克类,同城游
宽甸掰哑巴力,扑克类,是
抽老鳖（捉乌龟）,扑克类,有
绍兴麻将,麻将类,有
江油麻将,麻将类,无
五小龙,金流类,无
东营麻将,麻将类,是
农安麻将,麻将类,有
湘潭麻将,麻将类,有
国际跳棋,其他,
憋7,扑克类,有
峨边麻将,麻将类,无
千分,扑克类,是
红中皮子杠,麻将类,是
锦江麻将,麻将类,无
麻将类:新密麻将--扑克类:斗地主--金流类:斗牛--扑克类:扒鸡窝--:--:--:,,有
衢州红五,扑克类,有
麻将类:郑州麻将--扑克类:斗地主--金流类:斗牛--扑克类:扒鸡窝--:--:--:,,
四人挖坑,扑克类,QQ游戏大厅
石家庄麻将,麻将类,有
河北麻将,麻将类,有
扑克类:拖拉机----:----:,,无
温州麻将,麻将类,有
泰兴麻将,麻将类,有
潍坊够级,扑克类,是
大庆麻将,麻将类,有
一口香麻将,麻将类,是
梦胡,字牌类,同城游
济南手把一,麻将类,是
丽江卡二条,麻将类,有
掼蛋,扑克类,有
青州保皇,扑克类,是
于都麻将,麻将类,是
鞍山麻将,麻将类,是
聊城麻将,麻将类,是
彭州麻将,麻将类,无
骨牌（牌九）,字牌类,有
盘锦麻将,麻将类,是
山东麻将,麻将类,是
干瞪眼,扑克类,是
诸暨包麻将,麻将类,有
红5，麻将,扑克类,有
 赤峰对调（两副扑克）,扑克类,是
三人麻将,麻将类,有
三扣一,扑克类,
麻将类:济源麻将--扑克类:红星五--金流类:斗牛--扑克类:斗地主--:--:--:,,有
威海保皇,扑克类,是
铜梁三丁拐,麻将类,有
吉林麻将,麻将类,有
推倒胡麻将,麻将类,有
临沧麻将,麻将类,有
捉红枪,扑克类,
泰州麻将,麻将类,有
7鬼523,扑克类,有
大理麻将,麻将类,有
赤峰对户（两副扑克）,扑克类,是
倒倒胡,麻将类,有
乌海双撇子,扑克类,是
麻将类:信阳满堂跑--麻将类:信阳麻将--扑克类:信阳黑七--扑克类:斗地主--金流类:斗牛--:-,,
慢十,扑克类,无
莆田麻将,麻将类,有
揪面片,扑克类,（淘宝客服获得）
棋类:象棋，围棋，五子棋----麻将类:红中癞子杠，换换----扑克类:花牌，斗地主----字牌类:,,
五子棋,其他,
鸡宝夹,麻将类,无
麻将类:开封麻将--扑克类:斗地主--扑克类:双升--金流类:斗牛--:--:--:,,
棋类:象棋，围棋，五子棋----麻将类:血流成河，翻筒子，换三张----扑克类:宜昌炸金花----字,,
锄大地,扑克类,是
珲春麻将,麻将类,有
丰县14张,扑克类,有
厦门麻将,麻将类,有
徐州麻将,麻将类,有
麻将类:万宁麻将----扑克类:炸金花----:,,有
徐州憋十,扑克类,
锦州双劈,扑克类,是
钓红点,其他,否
铜陵80分,扑克类,是
双扣,扑克类,有
嘉陵麻将,麻将类,无
扑克类:斗牛----:----:,,无
花花牌,字牌类,
打娘娘,扑克类,
黄岩麻将,麻将类,有
对缝,金流类,无
十三张,麻将类,是
宁德麻将,麻将类,有
麻将类:安阳麻将--扑克类:南阳斗地主--金流类:斗牛--:--:--:--:,,
大厅,其他,有
内蒙古象棋,棋类,朋友介绍获取
翻三皮,扑克类,有
盘锦窜火箭,扑克类,是
三明标分,扑克类,有
顶牛子（牌九）,其他,iOS没有
水富麻将,麻将类,有
捉娘娘（类大跃进）,扑克类,
仁和攀麻,麻将类,无
夹江麻将,麻将类,无
打升级,扑克类,是
丽江卡心五,麻将类,有
任丘麻将,麻将类,有
黔东南麻将,麻将类,没有
九台麻将,麻将类,有
五八王三二一,扑克类,
东区攀麻,麻将类,无
捉鸟麻将,麻将类,有
棋类:象棋，围棋，五子棋----麻将类:飘癞子----扑克类:跑胡子，千分----字牌类:无----,,
天津打六家,扑克类,是
碰胡子,字牌类,有
舟山麻将,麻将类,有
东北刨幺,扑克类,是
广汉麻将,麻将类,
潍坊麻将,麻将类,是
菏泽麻将,麻将类,是
红河麻将,麻将类,有
益阳麻将,麻将类,有
憋七,扑克类,
宁夏方棋,棋类,没有
天王,其他,是
刮大风,扑克类,是
临安麻将,麻将类,有
廊坊麻将,麻将类,有
砸红A,扑克类,是
尖子顶,扑克类,有
枞阳斗地主,扑克类,是
雨城麻将,麻将类,无
陕西麻将,麻将类,闲来
毙十,扑克类,是
市中乐山麻将,麻将类,有
九江麻将,麻将类,是
升级,扑克类,是
玉米子,金流类,无
蒲江麻将,麻将类,无
挖坑,扑克类,有
44必,扑克类,无
杠后花,麻将类,有
扑克类:吊主----:----:,,无
十点半,金流类,有
宾川麻将,麻将类,有
黔西南麻将,麻将类,没有
邳州麻将，邳州斗地主,麻将类,有
放羊,扑克类,无
一口香,麻将类,有
贵港麻将,麻将类,有
椒江麻将,麻将类,有
天津混吊麻将,麻将类,是
麻将类:焦作麻将--扑克类:斗地主--金流类:斗牛--:--:--:--:,,有
掼蛋、转枪,扑克类,是
五八王三二一,扑克类,没有
黑河麻将,麻将类,是
毕节麻将,麻将类,有
塘沽毛二,扑克类,是
河西麻将,麻将类,（朋友获得
苍溪麻将,麻将类,无
天津百分,扑克类,是
麻将类:鹰城麻将--扑克类:斗地主--扑克类:双升--扑克类:灭三家--棋类:五子棋--棋类:象棋-,,无
米易攀麻,麻将类,无
汕尾麻将,麻将类,是
抚顺要A,扑克类,是
捉黑A,扑克类,无
丹东麻将,麻将类,是
威远麻将,麻将类,无
辽源麻将,麻将类,有
大庆麻将,麻将类,是
昌邑够级,扑克类,否
麻将类:商丘麻将--扑克类:斗地主--金流类:斗牛--:--:--:--:,,
麻将类:河南麻将--扑克类:斗地主--金流类:斗牛--:--:--:--:,,
楚雄麻将,麻将类,有
飞行棋,棋类,有
憋7,扑克类,是
蓟县麻将,麻将类,（朋友获得
天津麻将,麻将类,是
牛鬼,扑克类,有
宿松麻将,麻将类,是
窜火箭,扑克类,是
马边麻将,麻将类,无
桐乡麻将,麻将类,有
扎股子,扑克类,同城游
宁城打弹子,扑克类,是
拐三角,麻将类,
打大A,扑克类,
黔江双扣,扑克类,有
攀麻,麻将类,有
贵阳捉鸡麻将,麻将类,有
穿火箭,扑克类,无
十三水,扑克类,有
斗牛,金流类,无
泰州卡子，2000分，,其他,有
平昌麻将,麻将类,无
青海麻将（258、癞子、血流）,麻将类,是
蓬溪麻将,麻将类,无
铜陵麻将,麻将类,是
启东麻将，启东老韭菜，启东找朋友,其他,有
两副头,扑克类,有
麻将类:焦作麻将--扑克类:斗地主--金流类:斗牛--:--:--:--:,,
辛集麻将,麻将类,有
金坛四副牌,扑克类,有
德州,扑克类,是
泸州大贰,其他,有
三十秒,金流类,有
斗牛,金流类,有
珙县麻将,麻将类,无
雁江麻将,麻将类,无
金口河麻将,麻将类,无
沈阳四冲,扑克类,是
打骰,其他,有
尤溪打炸弹,扑克类,有
跑牌,扑克类,无
搂宝麻将,麻将类,
义乌麻将,麻将类,有
绵竹麻将,麻将类,
吹牛皮,扑克类,有
宁波斗地主,扑克类,有
宝鸡麻将,麻将类,
齐齐哈尔麻将,麻将类,有
麻将类:中牟麻将--扑克类:斗地主--金流类:斗牛--扑克类:扒鸡窝--:--:--:,,有
打对家,扑克类,是
盐城麻将，炒地皮,其他,有
填大坑,金流类,无
沐川麻将,麻将类,无
鞍山放羊,扑克类,是
掀牛/掀牛九,其他,无
安居麻将,麻将类,无
上谷麻将,麻将类,有
干瞪眼,扑克类,有
打大王,扑克类,无
辽阳麻将,麻将类,是
香河麻将,麻将类,无
丽水麻将,麻将类,有
来宾麻将,麻将类,有
双鸭山麻将,麻将类,有
锦州麻将,麻将类,是
青海麻将（258、推28、癞子、血流）,麻将类,是
抽王八,扑克类,
麻将类:开封麻将--扑克类:斗地主--扑克类:双升--金流类:斗牛--:--:--:,,有
打储,扑克类,有
安州麻将,麻将类,无
云霄麻将,麻将类,有
肥城小蚊子,扑克类,是
汉源麻将,麻将类,无
资中麻将,麻将类,无
黑河麻将,麻将类,有
水鱼（宝宝）,金流类,无
炒地皮，麻将,扑克类,有
古田三副牌,扑克类,有
廊坊麻将（扣第一手）,扑克类,是
青阳麻将,麻将类,是
藏棋,棋类,否
舒兰麻将,麻将类,有
徐闻拖拉机,扑克类,是
拧螺丝,麻将类,有
跑得快,扑克类,有
上虞花麻将,麻将类,有
十三张,金流类,有
德州扑克,金流类,无
捉虾子,麻将类,有
五人双升,扑克类,同城游
捉红五/打红五,扑克类,有
静海麻将,麻将类,（朋友获得
江阴打滦，江阴麻将,扑克类,有
北京麻将,麻将类,有
清远麻将（100张,去万）,麻将类,是
卡二条,麻将类,有
爬山,金流类,
榆林麻将,麻将类,
崇左麻将,麻将类,有
贡井麻将,麻将类,无
跑得快（争上游）,扑克类,有
捉王八,扑克类,有
十点半,扑克类,有
衡阳麻将,麻将类,有
三公,金流类,是
青岛棋牌,其他,是
骰子,金流类,有
揪面片,扑克类,
推饼（二八杠、推筒子）,麻将类,有
贺州麻将,麻将类,有
临沂麻将,麻将类,是
德宏麻将,麻将类,有
南充麻将,麻将类,无
跳棋,棋类,有
麻将类:海南麻将----扑克类:三公----扑克类:斗地主,,有
阆中麻将,麻将类,无
白山麻将,麻将类,有
捉鸟麻将,麻将类,是
高坪麻将,麻将类,无
大城麻将,麻将类,有
攉龙,扑克类,同城游
瑞安麻将,麻将类,有
宁德麻将,麻将类,是
凉山麻将,麻将类,有
推蛋子,麻将类,
桥牌,扑克类,
三宫,金流类,无
升级,扑克类,有
鹰潭麻将,麻将类,是
宜春麻将,麻将类,是
丹东五狼腿,扑克类,是
升级,扑克类,无
春天,扑克类,有
公花,扑克类,无
三打一,扑克类,无
沈阳麻将,麻将类,是
藏棋/密芒/多眼棋/多目戏,棋类,
攉龙,扑克类,QQ游戏大厅
宿松同心,扑克类,是
三扣一,扑克类,有
炒地皮,扑克类,有
红中麻将,麻将类,有
斗鸡,扑克类,无
棋类:象棋，围棋，五子棋----麻将类:二五八，剁刀----扑克类:咸宁打拱----字牌类:无---,,无
棋类:象棋，围棋，五子棋----麻将类:红中癞子杠，晃晃----扑克类:斗地主，癞子斗地主----字,,
常州三打一（双扣演变）,扑克类,有
够级,扑克类,
六胡抢,字牌类,有
扑克类:斗地主--扑克类:跑得快--麻将类:许昌麻将--金流类:斗牛--:--:--:,,
ATT连环炮,扑克类,有
金牛麻将,麻将类,无
克郎球,其他,
麻将类:鹰城麻将--扑克类:双升--扑克类:七毛五二三--扑克类:心中有个毛--扑克类:灭三家--扑,,有
敲麻,麻将类,是
癞子跑得快,扑克类,有
打大A,扑克类,是
武侯麻将,麻将类,无
盐边攀麻,麻将类,无
廊坊麻将,麻将类,是
斗地主,扑克类,
青羊麻将,麻将类,无
砍牛腿,扑克类,
跑胡子,字牌类,有
大怪路子,扑克类,否
蹿红A,扑克类,无
四一四,扑克类,无
象棋,其他,
南平两家黑,扑克类,有
怪噜,扑克类,有
青白江麻将,麻将类,无
黑三,扑克类,有
三台麻将,麻将类,无
铁岭麻将,麻将类,是
射洪麻将,麻将类,无
拖拉机,扑克类,
赶毛驴,扑克类,没有
推对子,金流类,
国际象棋,其他,
塘沽毛四,扑克类,是
沧州麻将,麻将类,有
常德麻将,麻将类,有
辽阳放羊,扑克类,是
湖州麻将,麻将类,有
峨眉山麻将,麻将类,有
独食,其他,是
缙云包尖,扑克类,有
南昌麻将,麻将类,是
炸枪,扑克类,
两副头,扑克类,是
三打一,扑克类,
乐至麻将,麻将类,无
邹城够级,扑克类,是
四人跑得快,扑克类,有
天津拱猪,扑克类,是
斗鸡（炸金花）,金流类,
掼蛋,,
双升,扑克类,
青海麻将（258、血流）,麻将类,是
扣九,金流类,无
麻将类:驻马店麻将--扑克类:斗地主--金流类:斗牛--:--:--:--:,,有
撩五分（类升级）,其他,否
赤峰对户（一副扑克）,扑克类,是
三打一（风火轮）,扑克类,无
三明麻将,麻将类,有
藏牌,其他,
红十,扑克类,有
温江麻将,麻将类,无
遵义麻将,麻将类,有
板子炮,扑克类,没有
安吉划轮,扑克类,有
纳溪鬼麻将,麻将类,无
A(烟)3（独食）,扑克类,无
吹牛逼,扑克类,有
安溪调红五,扑克类,有
扑克类:南召打楼--扑克类:南阳斗地主--麻将类:南阳麻将--金流类:斗牛--:--:--:,,
绵阳麻将,麻将类,无
仁寿麻将,麻将类,有
玩大小/21点,金流类,是
砍牛腿,扑克类,没有
憋七,扑克类,有
帕斯（梭哈）,扑克类,
赶毛驴,扑克类,
告胡子,字牌类,有
张家口麻将,麻将类,有
梧州麻将,麻将类,有
磐石麻将,麻将类,有
打旋,扑克类,有
抽老鳖,扑克类,无
嘴胡,麻将类,朋友介绍获取
溧阳麻将,麻将类,有
15张跑得快,扑克类,有
湖州方五,扑克类,有
道县麻将,麻将类,有
温岭六家统,扑克类,有
争上游,扑克类,
邢台麻将,麻将类,有
西充麻将,麻将类,无
打麻子,扑克类,有
黑A,扑克类,无
扯头注,金流类,无
达州红三,扑克类,有
棋类:象棋，围棋，五子棋----麻将类:玩胡，天门晃晃----扑克类:三宫，钓鱼----字牌类:定七,,
淄博麻将,麻将类,是
瓦房店手把一,扑克类,是
文山麻将,麻将类,有
麻将类:琼海麻将----:----:,,有
玉溪麻将,麻将类,有
合川麻将,麻将类,有
抽王八（淘宝客服提供）,扑克类,
绥化麻将,麻将类,有
松原快听,麻将类,有
昭通斗地主,扑克类,有
西区攀麻,麻将类,无
捉黑尖儿,扑克类,
七鬼五二三,扑克类,有
螺丝胡,麻将类,有
罗江麻将,麻将类,
郴州麻将,麻将类,有
安国麻将,麻将类,
莱芜保皇,扑克类,是
抚州麻将,麻将类,是
达州麻将,麻将类,有
乐山麻将,麻将类,有
立四麻将,麻将类,QQ游戏大厅
市中甜城麻将,麻将类,
七毛五二三,,有
赤峰麻将,其他,是
酒泉麻将,麻将类,有
恩阳麻将,麻将类,无
刨幺,扑克类,有
新昌麻将,麻将类,有
斗地主,扑克类,是
承德麻将,麻将类,有
昭化麻将,麻将类,无
益阳歪胡子,字牌类,有
天津憋七,扑克类,是
拱猪,扑克类,有
陇南麻将,麻将类,有
蒲城麻将,麻将类,有
吉安炸弹,扑克类,是
棋类:象棋，围棋，五子棋----麻将类:双开，红中开杠----扑克类:推小九，斗地主----字牌类:,,
捉黑尖,扑克类,
玉环80分,扑克类,有
扎金花,金流类,无
枞阳炒地皮,扑克类,是
柳州麻将,麻将类,有
泸州鬼麻将,麻将类,有
三人转转,麻将类,有
扣探,棋类,无
刮风,扑克类,否
板城（岫岩）,扑克类,是
21点,金流类,是
捞腌菜,金流类,有
7鬼523,其他,是
麻将类:文昌麻将----:----:,,有
两帮,扑克类,有
昭通麻将,麻将类,有
抓只,扑克类,有
宣尖,扑克类,无
放炮罚,字牌类,有
宁夏方棋,棋类,
个旧麻将,麻将类,有
犍为麻将,麻将类,有
大同麻将,麻将类,
玉环麻将,麻将类,有
捉红三,扑克类,
河北麻将,麻将类,
旌阳麻将,麻将类,
7鬼523 ,其他,是
临县打七,扑克类,同城游
红三红五,扑克类,否
抢分报主,扑克类,是
钓鱼,扑克类,
重庆斗地主,扑克类,有
四川血流成河,麻将类,
掀牛九,字牌类,否
推锅,金流类,
 赤峰对调（三副扑克）,扑克类,是
丹东红十,扑克类,是
嵊州麻将,麻将类,有
麻将类:万宁麻将----:----:,,有
游仙麻将,麻将类,无
砸筒子,麻将类,有
七王五二三,扑克类,没有
抽对,扑克类,
麻将，中心五,其他,有
滑水麻将,麻将类,是
东北麻将,麻将类,
推牌九,其他,
木塞（类21点 只比庄）,其他,否
赤峰麻将,扑克类,是
广元麻将,麻将类,
贵阳麻将,麻将类,有
天津麻将捉五胡,麻将类,是
龙马潭鬼麻将,麻将类,无
镇江麻将,麻将类,有
:--扑克类:斗地主--金流类:斗牛--扑克类:扒鸡窝--:--:--:,,
张家港麻将，张家港斗地主,其他,有
德阳长牌,其他,无
广元长牌,其他,无
陆川麻将,麻将类,有
枞阳掼蛋,扑克类,是
古蔺鬼麻将,麻将类,有
衢州麻将,麻将类,有
西安麻将,麻将类,
简阳麻将,麻将类,无
三脚天王,其他,是
十点半,金流类,
掀花花,其他,没有
红黑点,字牌类,有
达川麻将,麻将类,无
蓬安麻将,麻将类,无
常州四副牌升级,扑克类,有
武威麻将,麻将类,有
钻空儿,扑克类,是
扑克类:斗地主--扑克类:跑得快--麻将类:许昌麻将--金流类:斗牛--:--:--:,,有
推筒子,麻将类,有
忻州麻将,麻将类,同城游
盐亭麻将,麻将类,无
大竹麻将,麻将类,无
潍坊打穴,扑克类,是
木塞鱼（类21点 都比）,其他,否
青川麻将,麻将类,无
延吉红十,扑克类,有
掐一,扑克类,无
张掖麻将,麻将类,无
炸金花,扑克类,
南溪麻将,麻将类,无
五十K,扑克类,是
牌九,字牌类,无
推牛牛（拱牛子）,其他,
白银麻将,麻将类,有
保皇,扑克类,是
塘沽麻将,麻将类,是
棋类:象棋，围棋，五子棋----麻将类:红中赖子杠，黄石晃晃----扑克类:丁二皇，斗牛，玩三张--,,
博饼,金流类,有
沂源保皇,扑克类,否
枣庄够级,扑克类,是
日照麻将,麻将类,否
十胡卡,字牌类,有
柳州八一字牌,字牌类,有
扑克类:德州扑克----:----:,,无
温岭对家统,扑克类,有
抓娘娘,扑克类,
打二毛,扑克类,同城游
楚雄四五筒,麻将类,有
烟台麻将,麻将类,是
平阳四副头,扑克类,有
打地主,扑克类,有
尼格尔（更具代表性的藏棋）,棋类,
兴化麻将,麻将类,有
庐江麻将,麻将类,是
宝坻麻将,麻将类,是
巴中麻将,麻将类,有
扎枪,扑克类,
扯胡子,字牌类,有
大连穷胡,麻将类,是
德阳缺断龟,麻将类,无
撸九,金流类,无
寿光保皇,扑克类,否
凤城板成,扑克类,是
宁化麻将,麻将类,有
麻将类:漯河麻将--扑克类:斗地主--金流类:斗牛--:--:--:--:,,
十三张,扑克类,
兴文麻将,麻将类,有
桓台保皇,扑克类, 是
吉首麻将,麻将类,有
打盾,扑克类,是
拉耗子,扑克类,
扬州麻将,麻将类,有
捉黑枪,扑克类,
沛县麻将,麻将类,有
漏斗,扑克类,无
靖江青儿，80分，扎金花,扑克类,有
雷州麻将,麻将类,是
重庆倒倒胡,麻将类,有
红拐弯,字牌类,有
星子炸弹,扑克类,是
拱猪,扑克类,
泰安升级,扑克类,是
朝阳立棍,扑克类,是
保定麻将,麻将类,有
陕西麻将,麻将类,约麻
麻将,麻将类,有
塘沽毛二（蛤蟆锤）,扑克类,是
大安麻将,麻将类,无
找朋友,扑克类,有
北海麻将,麻将类,有
唐山打储,扑克类,有
泉州麻将,麻将类,有
中原推倒胡,麻将类,
自贡麻将,麻将类,有
四团,扑克类,是
保定八张,麻将类,有
四副牌升级,扑克类,是
推对子,扑克类,是
双阳二人麻将,麻将类,有
推倒胡,麻将类,有
大跃进,扑克类,
大邑麻将,麻将类,无
屏山麻将,麻将类,无
睢宁麻将,麻将类,有
崇州麻将,麻将类,无
挖花,字牌类,有
扑克类:南召打楼--扑克类:南阳斗地主--麻将类:南阳麻将--金流类:斗牛--:--:--:,,有
麻将类:登封麻将--扑克类:斗地主--金流类:斗牛--扑克类:扒鸡窝--:--:--:,,有
三明逃牌,扑克类,有
打楚,扑克类,有
梓潼麻将,麻将类,无
捉黑叉,扑克类,
拖拉机,扑克类,有
麻将类:新乡麻将--扑克类:斗地主--金流类:斗牛--:--:--:--:,,有
掀花花,扑克类,
威海麻将,麻将类, 是
憋红10,扑克类,无
通辽推倒胡,麻将类,是
金堂麻将,麻将类,无
营山麻将,麻将类,无
涪城麻将,麻将类,无
三乱一个棍,扑克类,无
德州扑克,扑克类,是
铜仁麻将,麻将类,有
合江鬼麻将,麻将类,有
天台三阿磨,麻将类,有
推扑克,金流类,无
麻将类:信阳满堂跑--麻将类:信阳麻将--扑克类:信阳黑七--扑克类:斗地主--金流类:斗牛--:-,,有
赤峰推对子,扑克类,
船山麻将,麻将类,无
血战天山麻将,麻将类,有
挖坑,扑克类,是
通川麻将,麻将类,无
冲关麻将,麻将类,是
跑得快，掼蛋,扑克类,
福州麻将,麻将类,有
21点,金流类,有
鹤岗麻将,麻将类,是
杨沙子,其他,无
捉红五,扑克类,有
石子河螺丝胡,麻将类,有
昆明麻将,综合类,有
摆火车,扑克类,无
过5关,其他,否
陕西棱子麻将,麻将类,
宁化五十K,扑克类,有
升级三副牌不跟对,扑克类,有
通辽414,扑克类,是
定个蛋,扑克类,同城游
普洱翻屁股,麻将类,有
潜乌龟,其他,否
牡丹江麻将,麻将类,是
平武麻将,麻将类,无
泸县鬼麻将,麻将类,有
大字牌（桂林字牌）,字牌类,有
集宁麻将,扑克类,是
扑克类:挤黑五--麻将类:河南麻将--扑克类:斗地主--扑克类:双升--金流类:斗牛--:--:,,无
沙湾麻将,麻将类,无
富顺麻将,麻将类,无
十三支/十三水,其他,是
掀牛/掀牛九,扑克类,无
双扣,棋类,无
争上游（跑得快）,扑克类,有
信不信（说瞎话）,扑克类,
掀花花,扑克类,没有
营口麻将,麻将类,无
捉黑A,扑克类,
滑水麻将,麻将类,有
七台河麻将,麻将类,是
宣汉麻将,麻将类,无
鄂尔多斯推对子,麻将类,是
龙岩麻将,麻将类,有
红河个旧麻将,麻将类,有
敲三家儿,扑克类,有
新余麻将,麻将类,是
漂三页（飘三叶）,金流类,
南通单将长牌（单将长牌）,扑克类,有
抚顺打百分,扑克类,是
温岭标统,扑克类,有
巴彦淖尔麻将,麻将类,是
一口香,麻将类,是
牌九,其他,有
邵阳麻将,麻将类,有
打炸,扑克类,是